File ID,Cloud Free (Y/N/P),Coverage of lakes,Snow Cover (Y/N/P),Change in Sediment Cover? ,Date (YYYYMMDD),Notes
LANDSAT_8_2016-11-02,Y,All,N,N,,
LANDSAT_8_2016-11-04,Y,All,N,N,,
LANDSAT_8_2016-11-06,Y,All,N,N,,
LANDSAT_8_2016-11-08,Y,All,N,,,
LANDSAT_8_2016-11-11,N,All,,,,
LANDSAT_8_2016-11-13,Y,All,N,N,,
LANDSAT_8_2016-11-15,Y,All,N,,,
LANDSAT_8_2016-11-17,N,,,,,
LANDSAT_8_2016-11-18,N,,,,,
LANDSAT_8_2016-11-20,N,,,,,
LANDSAT_8_2016-11-22,Y,All,Y,,,
LANDSAT_8_2016-11-24,Y,All,Y,,,
LANDSAT_8_2016-11-27,Y,All,Y,,,No snow cover on Lake Bonney
LANDSAT_8_2016-11-29,P,LB,N,,,no cloud cover over lake Bonney
LANDSAT_8_2016-12-01,P,"LB, LH",N,,,
LANDSAT_8_2016-12-03,Y,LF,Y,,,
LANDSAT_8_2016-12-04,N,"LB, LH",,,,
LANDSAT_8_2016-12-06,N,,,,,
LANDSAT_8_2016-12-08,Y,All,P,,,"Light dusting of snow on LF, LH. Could also just be ice whitening"
LANDSAT_8_2016-12-10,Y,All,N,,,Maybe a light dusting of snow. LB clear. 
LANDSAT_8_2016-12-13,Y,All,N,,,
LANDSAT_8_2016-12-15,Y,All,N,,,
LANDSAT_8_2016-12-17,Y,All,N,Y,,
LANDSAT_8_2016-12-19,Y,LF,N,,,
LANDSAT_8_2016-12-20,N,,,,,
LANDSAT_8_2016-12-22,N,,,,,
LANDSAT_8_2016-12-24,Y,All,N,,,
LANDSAT_8_2016-12-26,N,,,,,
LANDSAT_8_2016-12-29,N,,,,,
LANDSAT_8_2016-12-31,N,,,,,
LANDSAT_8_2017-01-02,Y,All,N,,,
LANDSAT_8_2017-01-04,N,,,,,
LANDSAT_8_2017-01-05,P,All,,,,Fog? Slight cloud cover. May still be usable. 
LANDSAT_8_2017-01-07,N,,,,,
LANDSAT_8_2017-01-09,P,LF,N,,,"Cloud cover over LH, LB. "
LANDSAT_8_2017-01-11,Y,All,N,,,
LANDSAT_8_2017-01-14,Y,All,N,,,
LANDSAT_8_2017-01-16,P,All,N,,,Hazy cloud cover. 
LANDSAT_8_2017-01-18,Y,All,N,,,
LANDSAT_8_2017-01-20,N,N,,,,
LANDSAT_8_2017-01-21,P,All,,,,Hazy cloud cover. 
LANDSAT_8_2017-01-23,N,,,,,
LANDSAT_8_2017-01-25,Y,All,N,,,
LANDSAT_8_2017-01-27,Y,All,N,Y,,
LANDSAT_8_2017-01-30,Y,All,N,,,
LANDSAT_8_2017-02-01,Y,"LH, LF",N,,,
LANDSAT_8_2017-10-31,N,,,,,
LANDSAT_8_2017-11-04,Y,LF,N,,,
LANDSAT_8_2017-11-05,N,All,,,,
LANDSAT_8_2017-11-07,Y,All,N,,,
LANDSAT_8_2017-11-09,N,All,,,,
LANDSAT_8_2017-11-11,N,All,,,,
LANDSAT_8_2017-11-14,N,,,,,
LANDSAT_8_2017-11-16,N,All,,,,
LANDSAT_8_2017-11-18,Y,All,N,,,
LANDSAT_8_2017-11-20,Y,LF,N,,,
LANDSAT_8_2017-11-21,Y,All,N,Yes,,
LANDSAT_8_2017-11-23,P,LB,N,,,
LANDSAT_8_2017-11-25,Y,All,N,LH,,
LANDSAT_8_2017-11-27,Y,All,N,,,
LANDSAT_8_2017-11-30,Y,All,N,,,
LANDSAT_8_2017-12-02,Y,All,N,,,
LANDSAT_8_2017-12-04,N,All,,,,
LANDSAT_8_2017-12-06,N,LF,,,,
LANDSAT_8_2017-12-07,Y,All,N,,,
LANDSAT_8_2017-12-09,N,All,,,,
LANDSAT_8_2017-12-11,N,All,,,,
LANDSAT_8_2017-12-13,P,LB,N,,,
LANDSAT_8_2017-12-16,Y,All,N,,,
LANDSAT_8_2017-12-18,N,All,N,,,
LANDSAT_8_2017-12-20,N,All,,,,
LANDSAT_8_2017-12-22,N,,,,,
LANDSAT_8_2017-12-23,Y,All,N,,,
LANDSAT_8_2017-12-25,N,All,,,,
LANDSAT_8_2017-12-27,N,All,,,,
LANDSAT_8_2017-12-29,N,All,,,,
LANDSAT_8_2018-01-01,P,"LH, LF",N,,,
LANDSAT_8_2018-01-03,Y,All,N,,,
LANDSAT_8_2018-01-05,Y,All,N,,,
LANDSAT_8_2018-01-07,Y,LF,N,,,
LANDSAT_8_2018-01-08,N,All,,,,
LANDSAT_8_2018-01-10,Y,All,N,,,
LANDSAT_8_2018-01-12,Y,All,N,,,
LANDSAT_8_2018-01-14,Y,All,N,,,
LANDSAT_8_2018-01-17,P,All,N,,,Hazy cloud cover. 
LANDSAT_8_2018-01-19,Y,All,N,,,
LANDSAT_8_2018-01-21,N,All,,,,
LANDSAT_8_2018-01-23,Y,N,,,,
LANDSAT_8_2018-01-24,N,,,,,
LANDSAT_8_2018-01-26,Y,All,N,,,
LANDSAT_8_2018-01-28,N,All,,,,
LANDSAT_8_2018-01-30,Y,All,N,,,
LANDSAT_8_2018-02-02,N,,,,,
LANDSAT_8_2018-02-04,Y,"LH, LF",,,,
LANDSAT_8_2018-11-01,N,All,,,,
LANDSAT_8_2018-11-03,N,All,,,,
LANDSAT_8_2018-11-05,Y,All,N,,,
LANDSAT_8_2018-11-07,Y,LF,N,,,
LANDSAT_8_2018-11-08,Y,All,N,,,
LANDSAT_8_2018-11-10,N,All,,,,
LANDSAT_8_2018-11-12,Y,All,N,,,Sparse cloud cover. Clear over lakes. 
LANDSAT_8_2018-11-14,N,All,,,,
LANDSAT_8_2018-11-17,Y,All,N,,,
LANDSAT_8_2018-11-19,Y,All,N,,,
LANDSAT_8_2018-11-21,N,All,,,,
LANDSAT_8_2018-11-23,Y,LH,N,,,
LANDSAT_8_2018-11-24,Y,All,N,,,
LANDSAT_8_2018-11-26,Y,All,N,,,
LANDSAT_8_2018-11-28,Y,All,N,,,
LANDSAT_8_2018-11-30,Y,All,N,,,
LANDSAT_8_2018-12-03,N,All,,,,
LANDSAT_8_2018-12-05,Y,All,N,,,
LANDSAT_8_2018-12-07,N,All,N,,,
113:,,,,,,
LANDSAT_8_2018-12-09,N,LF,,,,
114:,,,,,,
LANDSAT_8_2018-12-10,N,All,N,,,
115:,,,,,,
LANDSAT_8_2018-12-12,N,All,N,,,
116:,,,,,,
LANDSAT_8_2018-12-14,N,All,N,,,
117:,,,,,,
LANDSAT_8_2018-12-16,P,All,N,,,Hazy cloud cover. 
118:,,,,,,
LANDSAT_8_2018-12-19,P,LF,N,,,
119:,,,,,,
LANDSAT_8_2018-12-21,P,"LH, LF",N,,,
120:,,,,,,
LANDSAT_8_2018-12-23,N,All,N,,,
121:,,,,,,
LANDSAT_8_2018-12-25,N,LF,N,,,
122:,,,,,,
LANDSAT_8_2018-12-26,P,LH,N,,,
123:,,,,,,
LANDSAT_8_2018-12-28,N,All,,,,
124:,,,,,,
LANDSAT_8_2018-12-30,Y,All,N,,,
125:,,,,,,
LANDSAT_8_2019-01-01,Y,All,N,,,
126:,,,,,,
LANDSAT_8_2019-01-04,Y,All,N,,,
127:,,,,,,
LANDSAT_8_2019-01-06,Y,All,N,,,
128:,,,,,,
LANDSAT_8_2019-01-08,P,LB,N,,,
129:,,,,,,
LANDSAT_8_2019-01-10,Y,LF,N,,,
130:,,,,,,
LANDSAT_8_2019-01-11,Y,All,N,,,
131:,,,,,,
LANDSAT_8_2019-01-13,N,All,,,,
132:,,,,,,
LANDSAT_8_2019-01-15,Y,All,N,,,
133:,,,,,,
LANDSAT_8_2019-01-17,N,All,,,,
134:,,,,,,
LANDSAT_8_2019-01-20,N,All,,,,
135:,,,,,,
LANDSAT_8_2019-01-22,P,All,N,,,Hazy cloud cover
136:,,,,,,
LANDSAT_8_2019-01-24,Y,All,N,,,
137:,,,,,,
LANDSAT_8_2019-01-26,Y,LF,N,,,Covers 90% of LF. 
138:,,,,,,
LANDSAT_8_2019-01-27,P,LF,N,,,LF is clear. 
139:,,,,,,
LANDSAT_8_2019-01-29,N,All,,,,
140:,,,,,,
LANDSAT_8_2019-01-31,N,All,,,,
141:,,,,,,
LANDSAT_8_2019-02-05,N,All,,,,
142:,,,,,,
LANDSAT_8_2019-11-04,Y,All,Y,heavy sediment cover,,
143:,,,,,,
LANDSAT_8_2019-11-06,Y,All,N,heavy sediment cover,,
144:,,,,,,
LANDSAT_8_2019-11-08,Y,All,N,,,
145:,,,,,,
LANDSAT_8_2019-11-10,Y,LF,N,,,
146:,,,,,,
LANDSAT_8_2019-11-11,Y,All,N,,,
147:,,,,,,
LANDSAT_8_2019-11-13,N,All,,,,
148:,,,,,,
LANDSAT_8_2019-11-15,Y,All,N,,,
149:,,,,,,
LANDSAT_8_2019-11-17,Y,All,N,,,
150:,,,,,,
LANDSAT_8_2019-11-20,N,All,N,,,
151:,,,,,,
LANDSAT_8_2019-11-22,P,LB,N,,,
152:,,,,,,
LANDSAT_8_2019-11-24,Y,All,N,,,
153:,,,,,,
LANDSAT_8_2019-11-26,Y,LF,N,,,
154:,,,,,,
LANDSAT_8_2019-11-27,Y,All,N,,,
155:,,,,,,
LANDSAT_8_2019-11-29,N,All,,,,
156:,,,,,,
LANDSAT_8_2019-12-01,N,All,,,,
157:,,,,,,
LANDSAT_8_2019-12-03,Y,All,N,,,
158:,,,,,,
LANDSAT_8_2019-12-06,P,LB,N,,,
159:,,,,,,
LANDSAT_8_2019-12-08,N,,,,,
160:,,,,,,
LANDSAT_8_2019-12-10,Y,All,Y,,,
161:,,,,,,
LANDSAT_8_2019-12-12,N,LF,N,,,
162:,,,,,,
LANDSAT_8_2019-12-13,N,All,,,,
163:,,,,,,
LANDSAT_8_2019-12-15,N,All,,,,
164:,,,,,,
LANDSAT_8_2019-12-17,Y,All,N,,,
165:,,,,,,
LANDSAT_8_2019-12-24,Y,All,N,,,
166:,,,,,,
LANDSAT_8_2019-12-26,Y,All,N,,,
167:,,,,,,
LANDSAT_8_2019-12-28,N,LF,,,,
168:,,,,,,
LANDSAT_8_2019-12-29,P,LF,N,,,
169:,,,,,,
LANDSAT_8_2019-12-31,Y,All,N,,,
170:,,,,,,
LANDSAT_8_2020-01-02,Y,All,N,,,
171:,,,,,,
LANDSAT_8_2020-01-04,P,"LB, LF",N,,,
172:,,,,,,
LANDSAT_8_2020-01-07,N,All,,,,
173:,,,,,,
LANDSAT_8_2020-01-09,N,All,N,,,
174:,,,,,,
LANDSAT_8_2020-01-11,Y,All,N,,,
175:,,,,,,
LANDSAT_8_2020-01-13,N,LF,,,,
176:,,,,,,
LANDSAT_8_2020-01-14,N,All,,,,
177:,,,,,,
LANDSAT_8_2020-01-16,N,All,,,,
178:,,,,,,
LANDSAT_8_2020-01-18,P,LB,,,,
179:,,,,,,
LANDSAT_8_2020-01-20,Y,All,N,,,
180:,,,,,,
LANDSAT_8_2020-01-23,P,All,N,,,Hazy cloud cover
181:,,,,,,
LANDSAT_8_2020-01-25,P,All,N,,,Hazy cloud cover. 
182:,,,,,,
LANDSAT_8_2020-01-27,P,LB,N,,,Hazy cloud cover. 
183:,,,,,,
LANDSAT_8_2020-01-29,P,N,,,,
184:,,,,,,
LANDSAT_8_2020-01-30,N,All,,,,
185:,,,,,,
LANDSAT_8_2020-02-01,N,,,,,
186:,,,,,,
LANDSAT_8_2020-02-03,,N,,,,
187:,,,,,,
LANDSAT_8_2020-10-30,Y,All,N,,,
188:,,,,,,
LANDSAT_8_2020-11-06,N,All,,,,
189:,,,,,,
LANDSAT_8_2020-11-08,Y,All,P,,,Light slow cover. 
190:,,,,,,
LANDSAT_8_2020-11-10,N,All,,,,Hazy cloud cover. 
191:,,,,,,
LANDSAT_8_2020-11-15,Y,All,N,,,
192:,,,,,,
LANDSAT_8_2020-11-17,Y,All,N,,,
193:,,,,,,
LANDSAT_8_2020-11-19,Y,All,N,,,
194:,,,,,,
LANDSAT_8_2020-11-22,P,All,P,,,Hazy cloud cover. 
195:,,,,,,
LANDSAT_8_2020-11-24,Y,All,N,,,
196:,,,,,,
LANDSAT_8_2020-11-26,Y,All,N,,,
197:,,,,,,
LANDSAT_8_2020-11-28,Y,LF,N,,,
198:,,,,,,
LANDSAT_8_2020-11-29,Y,All,N,,,
199:,,,,,,
LANDSAT_8_2020-12-01,Y,All,N,,,
200:,,,,,,
LANDSAT_8_2020-12-03,Y,All,N,,,
201:,,,,,,
LANDSAT_8_2020-12-05,P,All,N,,,Hazy cloud cover
202:,,,,,,
LANDSAT_8_2020-12-08,Y,All,N,,,
203:,,,,,,
LANDSAT_8_2020-12-10,Y,All,N,,,
204:,,,,,,
LANDSAT_8_2020-12-12,N,All,,,,
205:,,,,,,
LANDSAT_8_2020-12-14,Y,LF,N,,,
206:,,,,,,
LANDSAT_8_2020-12-15,Y,All,N,,,
207:,,,,,,
LANDSAT_8_2020-12-17,P,LB,N,,,
208:,,,,,,
LANDSAT_8_2020-12-19,P,All,N,,,Hazy cloud cover. Image could still be usable.
209:,,,,,,
LANDSAT_8_2020-12-21,Y,All,N,,,
210:,,,,,,
LANDSAT_8_2020-12-24,Y,All,N,,,
211:,,,,,,
LANDSAT_8_2020-12-26,Y,All,N,,,
212:,,,,,,
LANDSAT_8_2020-12-28,N,All,,,,
213:,,,,,,
LANDSAT_8_2020-12-30,Y,LF,N,,,
214:,,,,,,
LANDSAT_8_2020-12-31,P,All,,,,
215:,,,,,,
LANDSAT_8_2021-01-02,N,All,,,,
216:,,,,,,
LANDSAT_8_2021-01-04,N,All,,,,
217:,,,,,,
LANDSAT_8_2021-01-06,Y,All,N,,,
218:,,,,,,
LANDSAT_8_2021-01-09,N,All,,,,
219:,,,,,,
LANDSAT_8_2021-01-11,N,,,,,
220:,,,,,,
LANDSAT_8_2021-01-13,Y,All,N,,,
221:,,,,,,
LANDSAT_8_2021-01-15,Y,LF partial,N,,,
222:,,,,,,
LANDSAT_8_2021-01-16,Y,All,N,,,
223:,,,,,,
LANDSAT_8_2021-01-18,Y,All,N,,,Hazy cloud cover. 
224:,,,,,,
LANDSAT_8_2021-01-20,N,All,,,,
225:,,,,,,
LANDSAT_8_2021-01-22,Y,All,N,,,
226:,,,,,,
LANDSAT_8_2021-01-25,N,,,,,
227:,,,,,,
LANDSAT_8_2021-01-27,P,"LB, LH",N,,,
228:,,,,,,
LANDSAT_8_2021-01-29,N,,,,,
229:,,,,,,
LANDSAT_8_2021-01-31,N,,,,,
230:,,,,,,
LANDSAT_8_2021-02-01,Y,All,N,,,
231:,,,,,,
LANDSAT_8_2021-02-03,N,All,,,,
232:,,,,,,
LANDSAT_8_2021-10-31,Y,All,N,Heavy sediment cover,,
233:,,,,,,
LANDSAT_8_2021-11-02,N,All,,,,
234:,,,,,,
LANDSAT_8_2021-11-04,Y,All,N,,,
235:,,,,,,
LANDSAT_8_2021-11-06,N,All,,,,
236:,,,,,,
LANDSAT_8_2021-11-09,Y,All,N,,,
237:,,,,,,
LANDSAT_8_2021-11-11,Y,All,N,,,
238:,,,,,,
LANDSAT_8_2021-11-15,Y,LF,N,,,
239:,,,,,,
LANDSAT_8_2021-11-16,N,All,,,,
240:,,,,,,
LANDSAT_8_2021-11-18,P,LB,N,,,
241:,,,,,,
LANDSAT_8_2021-11-20,Y,All,N,,,
242:,,,,,,
LANDSAT_8_2021-11-22,P,LH,N,,,Patchy cloud cover. 
243:,,,,,,
LANDSAT_8_2021-11-25,N,All,,,,
244:,,,,,,
LANDSAT_8_2021-11-27,N,All,,,,
245:,,,,,,
LANDSAT_8_2021-11-29,Y,All,P,,,
246:,,,,,,
LANDSAT_8_2021-12-01,Y,LF,N,,,
247:,,,,,,
LANDSAT_8_2021-12-02,Y,All,N,,,
248:,,,,,,
LANDSAT_8_2021-12-04,Y,All,N,,,
249:,,,,,,
LANDSAT_8_2021-12-06,Y,All,N,,,
250:,,,,,,
LANDSAT_8_2021-12-08,Y,All,N,,,
251:,,,,,,
LANDSAT_8_2021-12-11,Y,All,N,,,
252:,,,,,,
LANDSAT_8_2021-12-13,P,All,N,,,cloud shadow over part of LF
253:,,,,,,
LANDSAT_8_2021-12-15,P,All,N,,,Hazy cloud cover. 
254:,,,,,,
LANDSAT_8_2021-12-17,Y,N,,,,
255:,,,,,,
LANDSAT_8_2021-12-18,Y,All,N,,,
256:,,,,,,
LANDSAT_8_2021-12-20,Y,All,N,,,
257:,,,,,,
LANDSAT_8_2021-12-22,Y,All,N,,,
258:,,,,,,
LANDSAT_8_2021-12-24,Y,All,N,,,
259:,,,,,,
LANDSAT_8_2021-12-27,N,All,Y,,,
260:,,,,,,
LANDSAT_8_2021-12-29,P,All,Y,,,Hazy cloud cover and partial snow cover. 
261:,,,,,,
LANDSAT_8_2021-12-31,P,All,N,,,Light hazy cloud cover
262:,,,,,,
LANDSAT_8_2022-01-02,P,N,,,,
263:,,,,,,
LANDSAT_8_2022-01-03,N,N,,,,
264:,,,,,,
LANDSAT_8_2022-01-05,Y,All,N,,,
265:,,,,,,
LANDSAT_8_2022-01-07,Y,All,N,,,
266:,,,,,,
LANDSAT_8_2022-01-09,N,All,,,,
267:,,,,,,
LANDSAT_8_2022-01-12,Y,All,N,,,
268:,,,,,,
LANDSAT_8_2022-01-14,Y,All,N,,,
269:,,,,,,
LANDSAT_8_2022-01-16,Y,All,N,,,
270:,,,,,,
LANDSAT_8_2022-01-18,N,LF,,,,
271:,,,,,,
LANDSAT_8_2022-01-19,Y,All,N,,,
272:,,,,,,
LANDSAT_8_2022-01-21,P,LF,N,,,LF free
273:,,,,,,
LANDSAT_8_2022-01-23,P,All,N,,,Shadows over lakes
274:,,,,,,
LANDSAT_8_2022-01-25,Y,All,N,,,
275:,,,,,,
LANDSAT_8_2022-01-28,Y,All,N,,,
276:,,,,,,
LANDSAT_8_2022-01-30,P,"LB, LH",N,,,Cloud cover over LF
277:,,,,,,
LANDSAT_8_2022-02-04,P,LB,N,,,"Cloud cover over LH, LF"
278:,,,,,,
LANDSAT_8_2022-11-03,N,All,,,,
279:,,,,,,
LANDSAT_8_2022-11-05,P,LB,N,,,"Cloud cover over LH, LF"
280:,,,,,,
LANDSAT_8_2022-11-07,P,LF,N,,,"Hazy cloud cover over LB, LH"
281:,,,,,,
LANDSAT_8_2022-11-09,Y,LB,Y,,,"Snow cover over LH, LF"
282:,,,,,,
LANDSAT_8_2022-11-12,P,"LH, LF",N,,,Hazy cloud cover over LB
283:,,,,,,
LANDSAT_8_2022-11-14,Y,All,N,,,
284:,,,,,,
LANDSAT_8_2022-11-16,Y,All,N,,,
285:,,,,,,
LANDSAT_8_2022-11-18,Y,LF,N,,,
286:,,,,,,
LANDSAT_8_2022-11-19,Y,All,N,,,
287:,,,,,,
LANDSAT_8_2022-11-21,Y,All,N,,,
288:,,,,,,
LANDSAT_8_2022-11-23,Y,All,N,,,
289:,,,,,,
LANDSAT_8_2022-11-25,N,All,Y,,,
290:,,,,,,
LANDSAT_8_2022-11-28,Y,All,N,,,
291:,,,,,,
LANDSAT_8_2022-11-30,P,All,N,,,Hazy cloud cover. 
292:,,,,,,
LANDSAT_8_2022-12-02,P,LB,N,,,"Hazy cloud cover over LH, LF"
293:,,,,,,
LANDSAT_8_2022-12-04,Y,LF,N,,,
294:,,,,,,
LANDSAT_8_2022-12-05,Y,All,N,,,
295:,,,,,,
LANDSAT_8_2022-12-07,P,All,N,,,Cloud cover over lakes
296:,,,,,,
LANDSAT_8_2022-12-09,P,All,N,,,Hazy cloud cover. 
297:,,,,,,
LANDSAT_8_2022-12-10,N,N,,,,
298:,,,,,,
LANDSAT_8_2022-12-11,Y,All,N,,,
299:,,,,,,
LANDSAT_8_2022-12-14,N,,,,,
300:,,,,,,
LANDSAT_8_2022-12-16,Y,All,N,,,
301:,,,,,,
LANDSAT_8_2022-12-18,Y,All,N,,,
302:,,,,,,
LANDSAT_8_2022-12-20,N,,,,,
303:,,,,,,
LANDSAT_8_2022-12-21,N,,,,,
304:,,,,,,
LANDSAT_8_2022-12-23,N,,,,,
305:,,,,,,
LANDSAT_8_2022-12-25,P,All,N,,,Hazy cloud cover over Bonney
306:,,,,,,
LANDSAT_8_2022-12-27,N,,,,,
307:,,,,,,
LANDSAT_8_2022-12-30,N,,,,,
308:,,,,,,
LANDSAT_8_2023-01-01,Y,All,N,,,Hazy cloud cover near fryxell
309:,,,,,,
LANDSAT_8_2023-01-03,Y,All,N,,,
310:,,,,,,
LANDSAT_8_2023-01-05,N,N,,,,
311:,,,,,,
LANDSAT_8_2023-01-06,P,LB,N,,,
312:,,,,,,
LANDSAT_8_2023-01-08,N,All,N,,,
313:,,,,,,
LANDSAT_8_2023-01-10,Y,All,N,,,
314:,,,,,,
LANDSAT_8_2023-01-12,P,LB,N,,,"Cloud cover over LH, LF"
315:,,,,,,
LANDSAT_8_2023-01-15,Y,All,N,,,
316:,,,,,,
LANDSAT_8_2023-01-17,N,,,,,
317:,,,,,,
LANDSAT_8_2023-01-19,N,,,,,
318:,,,,,,
LANDSAT_8_2023-01-21,N,,,,,
319:,,,,,,
LANDSAT_8_2023-01-22,Y,All,N,,,
320:,,,,,,
LANDSAT_8_2023-01-24,Y,All,N,,,
321:,,,,,,
LANDSAT_8_2023-01-28,P,"LB, LH",N,,,Hazy cloud cover over LF
322:,,,,,,
LANDSAT_8_2023-01-31,N,,,,,
323:,,,,,,
LANDSAT_8_2023-02-02,N,,,,,
324:,,,,,,
LANDSAT_8_2023-11-01,Y,"LB, LH, LF",N,,,WLB partially cut off
325:,,,,,,
LANDSAT_8_2023-11-03,N,N,,,,
326:,,,,,,
LANDSAT_8_2023-11-05,N,,,,,
327:,,,,,,
LANDSAT_8_2023-11-07,N,,,,,
328:,,,,,,
LANDSAT_8_2023-11-08,P,All,N,,,Hazy cloud cover over Fryxell
329:,,,,,,
LANDSAT_8_2023-11-09,N,,,,,
330:,,,,,,
LANDSAT_8_2023-11-10,P,All,N,,,Hazy cloud cover over all lakes
331:,,,,,,
LANDSAT_8_2023-11-11,N,,,,,
332:,,,,,,
LANDSAT_8_2023-11-12,N,,,,,
333:,,,,,,
LANDSAT_8_2023-11-14,N,,,,,
334:,,,,,,
LANDSAT_8_2023-11-16,N,,,,,
335:,,,,,,
LANDSAT_8_2023-11-17,Y,All,N,,,
336:,,,,,,
LANDSAT_8_2023-11-18,N,,,,,
337:,,,,,,
LANDSAT_8_2023-11-19,Y,All,N,,,
338:,,,,,,
LANDSAT_8_2023-11-20,N,,,,,
339:,,,,,,
LANDSAT_8_2023-11-21,Y,LF,N,,,
340:,,,,,,
LANDSAT_8_2023-11-22,N,,,,,
341:,,,,,,
LANDSAT_8_2023-11-23,N,,,,,
342:,,,,,,
LANDSAT_8_2023-11-24,N,,,,,
343:,,,,,,
LANDSAT_8_2023-11-25,N,,,,,
344:,,,,,,
LANDSAT_8_2023-11-26,P,LB,N,,,
345:,,,,,,
LANDSAT_8_2023-11-27,N,,,,,
346:,,,,,,
LANDSAT_8_2023-11-28,N,,,,,
347:,,,,,,
LANDSAT_8_2023-11-29,N,,,,,
348:,,,,,,
LANDSAT_8_2023-11-30,N,,,,,
349:,,,,,,
LANDSAT_8_2023-12-01,N,,,,,
350:,,,,,,
LANDSAT_8_2023-12-02,N,,,,,
351:,,,,,,
LANDSAT_8_2023-12-03,N,,,,,
352:,,,,,,
LANDSAT_8_2023-12-04,N,,,,,
353:,,,,,,
LANDSAT_8_2023-12-05,Y,All,N,,,
354:,,,,,,
LANDSAT_8_2023-12-06,N,,,,,
355:,,,,,,
LANDSAT_8_2023-12-07,Y,LF,N,,,
356:,,,,,,
LANDSAT_8_2023-12-08,N,,,,,
357:,,,,,,
LANDSAT_8_2023-12-09,N,,,,,
358:,,,,,,
LANDSAT_8_2023-12-10,Y,All,N,,,
359:,,,,,,
LANDSAT_8_2023-12-11,N,,,,,
360:,,,,,,
LANDSAT_8_2023-12-12,P,All,N,,,Hazy cover over part of LF
361:,,,,,,
LANDSAT_8_2023-12-13,N,,,,,
362:,,,,,,
LANDSAT_8_2023-12-14,P,All,N,,,Hazy cover over LH
363:,,,,,,
LANDSAT_8_2023-12-15,N,,,,,
364:,,,,,,
LANDSAT_8_2023-12-16,N,,,,,
365:,,,,,,
LANDSAT_8_2023-12-17,N,,,,,
366:,,,,,,
LANDSAT_8_2023-12-18,N,,,,,
367:,,,,,,
LANDSAT_8_2023-12-19,Y,All,N,,,
368:,,,,,,
LANDSAT_8_2023-12-20,N,,,,,
369:,,,,,,
LANDSAT_8_2023-12-21,N,,,,,
370:,,,,,,
LANDSAT_8_2023-12-22,N,,,,,
371:,,,,,,
LANDSAT_8_2023-12-23,N,,,,,
372:,,,,,,
LANDSAT_8_2023-12-24,N,,,,,
373:,,,,,,
LANDSAT_8_2023-12-25,N,,,,,
374:,,,,,,
LANDSAT_8_2023-12-26,N,,,,,
375:,,,,,,
LANDSAT_8_2023-12-27,N,,,,,
376:,,,,,,
LANDSAT_8_2023-12-28,Y,All,N,,,
377:,,,,,,
LANDSAT_8_2023-12-29,N,,,,,
378:,,,,,,
LANDSAT_8_2023-12-30,Y,All,N,,,
379:,,,,,,
LANDSAT_8_2023-12-31,N,,,,,
380:,,,,,,
LANDSAT_8_2024-01-01,N,,,,,
381:,,,,,,
LANDSAT_8_2024-01-02,N,,,,,
382:,,,,,,
LANDSAT_8_2024-01-03,N,,,,,
383:,,,,,,
LANDSAT_8_2024-01-04,Y,All,N,,,
384:,,,,,,
LANDSAT_8_2024-01-05,N,,,,,
385:,,,,,,
LANDSAT_8_2024-01-06,N,,,,,
386:,,,,,,
LANDSAT_8_2024-01-07,N,,,,,
387:,,,,,,
LANDSAT_8_2024-01-08,N,,,,,
388:,,,,,,
LANDSAT_8_2024-01-09,N,,,,,
389:,,,,,,
LANDSAT_8_2024-01-10,N,,,,,
390:,,,,,,
LANDSAT_8_2024-01-11,Y,All,N,,,
391:,,,,,,
LANDSAT_8_2024-01-12,N,,,,,
392:,,,,,,
LANDSAT_8_2024-01-13,Y,All,N,,,
393:,,,,,,
LANDSAT_8_2024-01-14,N,,,,,
394:,,,,,,
LANDSAT_8_2024-01-15,N,,,,,
395:,,,,,,
LANDSAT_8_2024-01-16,N,,,,,
396:,,,,,,
LANDSAT_8_2024-01-17,N,,,,,
397:,,,,,,
LANDSAT_8_2024-01-18,N,,,,,
398:,,,,,,
LANDSAT_8_2024-01-19,N,,,,,
399:,,,,,,
LANDSAT_8_2024-01-20,N,,,,,
400:,,,,,,
LANDSAT_8_2024-01-21,N,,,,,
401:,,,,,,
LANDSAT_8_2024-01-22,Y,All,N,,,
402:,,,,,,
LANDSAT_8_2024-01-23,N,,,,,
403:,,,,,,
LANDSAT_8_2024-01-24,Y,LF,N,,,
404:,,,,,,
LANDSAT_8_2024-01-25,N,,,,,
405:,,,,,,
LANDSAT_8_2024-01-26,N,,,,,
406:,,,,,,
LANDSAT_8_2024-01-27,P,LB,N,,,
407:,,,,,,
LANDSAT_8_2024-01-28,N,,,,,
408:,,,,,,
LANDSAT_8_2024-01-29,P,All,N,,,Hazy cover over lakes
409:,,,,,,
LANDSAT_8_2024-01-31,P,All,N,,,Hazy cover over all lakes
410:,,,,,,
LANDSAT_8_2024-02-05,P,ELB,N,,,"Hazy cover over LH, LF. WLB is cut out"
LANDSAT_8_2024-11-03,Y,All,P,,,Light snow cover over Hoare and Fryxell
LANDSAT_8_2024-11-05,Y,ALL,N,,,
LANDSAT_8_2024-11-07,Y,LF,N,,,
LANDSAT_8_2024-11-10,N,ALL,N,,,"Hazy cloud cover over the valleys, clear over Vida ."
LANDSAT_8_2024-11-11,NA,None,NA,,,
LANDSAT_8_2024-11-12,Y,All,N,,,Light snow cover on valley walls. Lakes appear to be somewhat clear
LANDSAT_8_2024-11-13,NA,None,NA,,,
LANDSAT_8_2024-11-14,Y,All,N,,,
LANDSAT_8_2024-11-16,NA,None,NA,,,
LANDSAT_8_2024-11-18,NA,None,NA,,,
LANDSAT_8_2024-11-19,P,All,N,,,Hazy cloud cover over the valleys. Consider pitching if output is wrong. 
LANDSAT_8_2024-11-20,NA,None,NA,,,
LANDSAT_8_2024-11-21,Y,All,N,,,
LANDSAT_8_2024-11-22,NA,None,NA,,,
LANDSAT_8_2024-11-23,N,LF,NA,,,
LANDSAT_8_2024-11-24,NA,None,NA,,,
LANDSAT_8_2024-11-25,NA,None,NA,,,
LANDSAT_8_2024-11-26,Y,All,N,,,Missing a small portion of Lake Fryxell. 
LANDSAT_8_2024-11-27,NA,None,NA,,,
LANDSAT_8_2024-11-28,N,All,NA,,,
LANDSAT_8_2024-11-29,NA,None,NA,,,
LANDSAT_8_2024-11-30,N,All,NA,,,
LANDSAT_8_2024-12-01,NA,None,NA,,,
LANDSAT_8_2024-12-02,NA,None,NA,,,
LANDSAT_8_2024-12-03,NA,None,NA,,,
LANDSAT_8_2024-12-04,NA,None,NA,,,
LANDSAT_8_2024-12-05,N,All,N,,,Hazy cloud cover over Hoare and Fryxell. Bonney is somewhat clear
LANDSAT_8_2024-12-06,NA,None,NA,,,
LANDSAT_8_2024-12-07,N,All,N,,,Hazy cloud cover over the valley. 
LANDSAT_8_2024-12-08,NA,None,NA,,,
LANDSAT_8_2024-12-09,Y,LF,N,,,
LANDSAT_8_2024-12-10,NA,None,NA,,,
LANDSAT_8_2024-12-11,NA,None,NA,,,
LANDSAT_8_2024-12-12,N,All,N,,,Hazy cloud cover over the valleys. Part of lake fryxell is not seen in image. 
LANDSAT_8_2024-12-13,NA,None,N,,,
LANDSAT_8_2024-12-14,N,All,NA,,,Thick cloud cover over the valleys. 
LANDSAT_8_2024-12-15,NA,None,NA,,,
LANDSAT_8_2024-12-16,N,All,N,,,Hazy cloud cover
LANDSAT_8_2024-12-17,NA,None,NA,,,
LANDSAT_8_2024-12-20,NA,None,NA,,,
LANDSAT_8_2024-12-21,Y,All,N,,,
LANDSAT_8_2024-12-22,NA,None,NA,,,
LANDSAT_8_2024-12-24,NA,None,NA,,,
LANDSAT_8_2024-12-25,N,LF,NA,,,Thick cloud cover over valleys
LANDSAT_8_2024-12-28,N,LB,NA,,,Thick cloud cover over valleys
LANDSAT_8_2024-12-29,NA,None,NA,,,